rank,track_title,album_title,score
1st,Breaking The Habit,Meteora,83
2nd,Papercut,Hybrid Theory,80
3rd,Numb,Meteora,79
4th,Waiting for the End,A Thousand Suns,79
5th,Faint,Meteora,76
6th,Somewhere I Belong,Meteora,74
7th,In the End,Hybrid Theory,73
8th,What I've Done,Minutes To Midnight,73
9th,A Place for My Head,Hybrid Theory,72
10th,Crawling,Hybrid Theory,71
11th,The Catalyst,A Thousand Suns,70
12th,Leave Out All The Rest,Minutes To Midnight,70
13th,CASTLE OF GLASS,LIVING THINGS,70
14th,One Step Closer,Hybrid Theory,69
15th,Given Up,Minutes To Midnight,69
16th,Final Masquerade,The Hunting Party,68
17th,Bleed It Out,Minutes To Midnight,67
18th,Lying From You,Meteora,67
19th,Iridescent,A Thousand Suns,67
20th,One More Light,One More Light,66
21st,Points of Authority,Hybrid Theory,66
22nd,LOST IN THE ECHO,LIVING THINGS,65
23rd,ROADS UNTRAVELED,LIVING THINGS,64
24th,The Little Things Give You Away,Minutes To Midnight,64
25th,From The Inside,Meteora,64
26th,New Divide,n/a,63
27th,Burning in the Skies,A Thousand Suns,61
28th,With You,Hybrid Theory,60
29th,Pushing Me Away,Hybrid Theory,60
30th,No More Sorrow,Minutes To Midnight,59
31st,Figure.09,Meteora,59
32nd,Shadow of the Day,Minutes To Midnight,58
33rd,Don't Stay,Meteora,58
34th,BURN IT DOWN,LIVING THINGS,58
35th,Easier to Run,Meteora,58
36th,POWERLESS,LIVING THINGS,57
37th,A Line in the Sand,The Hunting Party,57
38th,IN MY REMAINS,LIVING THINGS,57
39th,When They Come For Me,A Thousand Suns,57
40th,Forgotten,Hybrid Theory,56
41st,In Pieces,Minutes To Midnight,56
42nd,By Myself,Hybrid Theory,55
43rd,Blackout,A Thousand Suns,55
44th,Guilty All the Same (feat. Rakim),The Hunting Party,55
45th,Rebellion (feat. Daron Malakian),The Hunting Party,53
46th,I'LL BE GONE,LIVING THINGS,52
47th,Nobody's Listening,Meteora,52
48th,Until It's Gone,The Hunting Party,52
49th,Wretches and Kings,A Thousand Suns,52
50th,Hit the Floor,Meteora,51
51st,Runaway,Hybrid Theory,51
52nd,My December,Hybrid Theory,51
53rd,The Messenger,A Thousand Suns,50
54th,Talking to Myself,One More Light,49
55th,Robot Boy,A Thousand Suns,49
56th,Valentine's Day,Minutes To Midnight,48
57th,Battle Symphony,One More Light,48
58th,Nobody Can Save Me,One More Light,48
59th,Hands Held High,Minutes To Midnight,45
60th,Part Of Me,Hybrid Theory EP,45
61st,Wastelands,The Hunting Party,44
62nd,Sharp Edges,One More Light,44
63rd,All for Nothing (feat. Page Hamilton),The Hunting Party,44
64th,QWERTY,n/a,43
65th,Blackbirds,A Thousand Suns,42
66th,LIES GREED MISERY,LIVING THINGS,42
67th,Keys to the Kingdom,The Hunting Party,42
68th,High Voltage,Hybrid Theory,42
69th,In Between,Minutes To Midnight,41
70th,Across The Line,Minutes To Midnight (bonus track),41
71st,Heavy (feat. Kiiara),One More Light,40
72nd,No Roads Left,Minutes To Midnight,38
73rd,Halfway Right,One More Light,37
74th,SKIN TO BONE,LIVING THINGS,37
75th,UNTIL IT BREAKS,LIVING THINGS,37
76th,Invisible,One More Light,36
77th,A Light That Never Comes,RECHARGED,36
78th,Mark the Graves,The Hunting Party,35
79th,And One,Hybrid Theory EP,35
80th,Sorry for Now,One More Light,34
81st,VICTIMIZED,LIVING THINGS,33
82nd,She Couldn't,n/a,32
83rd,Cure for the Itch,Hybrid Theory,31
84th,Dedicated,n/a,30
85th,Carousel,Hybrid Theory EP,30
86th,Session,Meteora,29
87th,So Far Away,n/a,29
88th,Good Goodbye (feat. Pusha T and Stormzy),One More Light,28
89th,Step Up,Hybrid Theory EP,28
90th,War,The Hunting Party,26
91st,Blue,n/a,23
92nd,Jornada Del Muerto,A Thousand Suns,22
93rd,The Requiem,A Thousand Suns,19
94th,Wake,Minutes To Midnight,18
95th,Technique (Short),Hybrid Theory EP,18
96th,Drawbar (feat. Tom Morello),The Hunting Party,18
97th,TINFOIL,LIVING THINGS,17
98th,Fallout,A Thousand Suns,17
99th,"Wisdom, Justice and Love",A Thousand Suns,17
100th,The Radiance,A Thousand Suns,15
101st,Foreword,Meteora,12
102nd,The Summoning,The Hunting Party,11
103rd,Empty Spaces,A Thousand Suns,11
